{
  "reportId" : "recording20220810_23_58_00",
  "reportType" : "CONTROLLER_REPORTED_ERROR",
  "files" : [ {
    "path" : "summary.log",
    "size" : 2954,
    "mimeType" : "text/plain; charset=utf-8"
  }, {
    "path" : "files/histogram.properties",
    "size" : 3155,
    "mimeType" : "text/plain; charset=utf-8"
  }, {
    "path" : "files/ps",
    "size" : 23359,
    "mimeType" : "text/plain; charset=utf-8"
  }, {
    "path" : "files/kendama2.installation",
    "size" : 2390,
    "mimeType" : "application/x-gzip"
  }, {
    "path" : "files/urcontrol/calibration.conf",
    "size" : 1021,
    "mimeType" : "text/plain; charset=utf-8"
  }, {
    "path" : "files/kern.log",
    "size" : 711543,
    "mimeType" : "text/plain; charset=utf-8"
  }, {
    "path" : "files/robot_metrics/joint2.bin",
    "size" : 1479,
    "mimeType" : "application/octet-stream"
  }, {
    "path" : "files/critical",
    "size" : 22665,
    "mimeType" : "text/plain; charset=utf-8"
  }, {
    "path" : "files/rtde_control_loop_kendama.script",
    "size" : 17525,
    "mimeType" : "text/plain; charset=utf-8"
  }, {
    "path" : "files/urcontrol/urcontrol.conf",
    "size" : 1673,
    "mimeType" : "text/plain; charset=utf-8"
  }, {
    "path" : "files/df",
    "size" : 554,
    "mimeType" : "text/plain; charset=utf-8"
  }, {
    "path" : "files/system.environment.txt",
    "size" : 4365,
    "mimeType" : "text/plain; charset=utf-8"
  }, {
    "path" : "files/kendama2.variables",
    "size" : 33,
    "mimeType" : "text/plain; charset=utf-8"
  }, {
    "path" : "files/polyscope.threads.txt",
    "size" : 3507,
    "mimeType" : "text/plain; charset=utf-8"
  }, {
    "path" : "files/robot_metrics/joint6.bin",
    "size" : 1479,
    "mimeType" : "application/octet-stream"
  }, {
    "path" : "files/robot_metrics/joint1.bin",
    "size" : 1479,
    "mimeType" : "application/octet-stream"
  }, {
    "path" : "files/program_execution.txt",
    "size" : 33,
    "mimeType" : "text/plain; charset=utf-8"
  }, {
    "path" : "files/urcontrol/URControl.log.0",
    "size" : 116968,
    "mimeType" : "text/plain; charset=utf-8"
  }, {
    "path" : "files/robot_metrics/joint5.bin",
    "size" : 1479,
    "mimeType" : "application/octet-stream"
  }, {
    "path" : "files/robot_metrics/joint3.bin",
    "size" : 1479,
    "mimeType" : "application/octet-stream"
  }, {
    "path" : "files/robot_metrics/joint4.bin",
    "size" : 1479,
    "mimeType" : "application/octet-stream"
  }, {
    "path" : "files/Xorg.0.log",
    "size" : 20686,
    "mimeType" : "text/plain; charset=utf-8"
  }, {
    "path" : "files/polyscope.in.memory.program.script",
    "size" : 17525,
    "mimeType" : "text/plain; charset=utf-8"
  }, {
    "path" : "files/urcontrol/calibration.log",
    "size" : 468358,
    "mimeType" : "text/plain; charset=utf-8"
  }, {
    "path" : "files/log_history.txt",
    "size" : 1048570,
    "mimeType" : "text/plain; charset=utf-8"
  }, {
    "path" : "files/realtimedata.csv",
    "size" : 26386953,
    "mimeType" : "text/csv; charset=utf-8; header=present"
  }, {
    "path" : "files/global_variables.csv",
    "size" : 0,
    "mimeType" : "text/csv; charset=utf-8"
  }, {
    "path" : "files/polyscope.log",
    "size" : 1604837,
    "mimeType" : "text/plain; charset=utf-8"
  }, {
    "path" : "files/urcontrol/safety.conf",
    "size" : 3478,
    "mimeType" : "text/plain; charset=utf-8"
  }, {
    "path" : "files/polyscope.in.memory.program.urp",
    "size" : 3507,
    "mimeType" : "application/x-gzip"
  }, {
    "path" : "files/rtde_control_loop_kendama.urp",
    "size" : 3514,
    "mimeType" : "application/x-gzip"
  } ]
}