{
  "reportId" : "recording20220811_01_47_14",
  "reportType" : "CONTROLLER_REPORTED_ERROR",
  "files" : [ {
    "path" : "summary.log",
    "size" : 2935,
    "mimeType" : "text/plain; charset=utf-8"
  }, {
    "path" : "files/polyscope.log",
    "size" : 1607185,
    "mimeType" : "text/plain; charset=utf-8"
  }, {
    "path" : "files/system.environment.txt",
    "size" : 4365,
    "mimeType" : "text/plain; charset=utf-8"
  }, {
    "path" : "files/critical",
    "size" : 24160,
    "mimeType" : "text/plain; charset=utf-8"
  }, {
    "path" : "files/kern.log",
    "size" : 758320,
    "mimeType" : "text/plain; charset=utf-8"
  }, {
    "path" : "files/df",
    "size" : 554,
    "mimeType" : "text/plain; charset=utf-8"
  }, {
    "path" : "files/polyscope.threads.txt",
    "size" : 2047,
    "mimeType" : "text/plain; charset=utf-8"
  }, {
    "path" : "files/default.variables",
    "size" : 33,
    "mimeType" : "text/plain; charset=utf-8"
  }, {
    "path" : "files/program_execution.txt",
    "size" : 33,
    "mimeType" : "text/plain; charset=utf-8"
  }, {
    "path" : "files/urcontrol/safety.conf",
    "size" : 3478,
    "mimeType" : "text/plain; charset=utf-8"
  }, {
    "path" : "files/histogram.properties",
    "size" : 3133,
    "mimeType" : "text/plain; charset=utf-8"
  }, {
    "path" : "files/global_variables.csv",
    "size" : 0,
    "mimeType" : "text/csv; charset=utf-8"
  }, {
    "path" : "files/urcontrol/calibration.log",
    "size" : 468358,
    "mimeType" : "text/plain; charset=utf-8"
  }, {
    "path" : "files/Xorg.0.log",
    "size" : 20686,
    "mimeType" : "text/plain; charset=utf-8"
  }, {
    "path" : "files/urcontrol/URControl.log.0",
    "size" : 45415,
    "mimeType" : "text/plain; charset=utf-8"
  }, {
    "path" : "files/urcontrol/urcontrol.conf",
    "size" : 1673,
    "mimeType" : "text/plain; charset=utf-8"
  }, {
    "path" : "files/realtimedata.csv",
    "size" : 3236817,
    "mimeType" : "text/csv; charset=utf-8; header=present"
  }, {
    "path" : "files/log_history.txt",
    "size" : 1048504,
    "mimeType" : "text/plain; charset=utf-8"
  }, {
    "path" : "files/ps",
    "size" : 22060,
    "mimeType" : "text/plain; charset=utf-8"
  }, {
    "path" : "files/default.installation",
    "size" : 2378,
    "mimeType" : "application/x-gzip"
  }, {
    "path" : "files/urcontrol/calibration.conf",
    "size" : 1021,
    "mimeType" : "text/plain; charset=utf-8"
  }, {
    "path" : "files/polyscope.in.memory.program.urp",
    "size" : 238,
    "mimeType" : "application/x-gzip"
  } ]
}